Name_x,avg_organic_engagement
absolutelyairs,0.014115035966539726
deepika.padukone.the.princess,0.09045779167352312
soheatherblog,0.012745122292540696
thesuburbansoapbox,0.015299285199782712
twopeasinablog,0.01326047326385383
